{
  "Normal": {
    "precision": 1.0,
    "recall": 0.99908480780964,
    "f1-score": 0.9995421944147719,
    "support": 3278.0
  },
  "Location1": {
    "precision": 1.0,
    "recall": 1.0,
    "f1-score": 1.0,
    "support": 3278.0
  },
  "Location2": {
    "precision": 1.0,
    "recall": 1.0,
    "f1-score": 1.0,
    "support": 3278.0
  },
  "Location3": {
    "precision": 0.9990856446205425,
    "recall": 1.0,
    "f1-score": 0.9995426132032322,
    "support": 3278.0
  },
  "accuracy": 0.99977120195241,
  "macro avg": {
    "precision": 0.9997714111551357,
    "recall": 0.99977120195241,
    "f1-score": 0.999771201904501,
    "support": 13112.0
  },
  "weighted avg": {
    "precision": 0.9997714111551357,
    "recall": 0.99977120195241,
    "f1-score": 0.999771201904501,
    "support": 13112.0
  }
}