{
  "Normal": {
    "precision": 1.0,
    "recall": 0.99908480780964,
    "f1-score": 0.9995421944147719,
    "support": 3278.0
  },
  "Location1": {
    "precision": 1.0,
    "recall": 1.0,
    "f1-score": 1.0,
    "support": 3278.0
  },
  "Location2": {
    "precision": 0.9942371853199878,
    "recall": 1.0,
    "f1-score": 0.9971102661596958,
    "support": 3278.0
  },
  "Location3": {
    "precision": 0.9990803188228081,
    "recall": 0.9942037827943868,
    "f1-score": 0.9966360856269113,
    "support": 3278.0
  },
  "accuracy": 0.9983221476510067,
  "macro avg": {
    "precision": 0.998329376035699,
    "recall": 0.9983221476510067,
    "f1-score": 0.9983221365503447,
    "support": 13112.0
  },
  "weighted avg": {
    "precision": 0.998329376035699,
    "recall": 0.9983221476510067,
    "f1-score": 0.9983221365503447,
    "support": 13112.0
  }
}