{
  "Normal": {
    "precision": 0.984375,
    "recall": 0.9993898718730934,
    "f1-score": 0.9918256130790191,
    "support": 3278.0
  },
  "Location1": {
    "precision": 1.0,
    "recall": 0.9993898718730934,
    "f1-score": 0.9996948428440647,
    "support": 3278.0
  },
  "Location2": {
    "precision": 0.9909310761789601,
    "recall": 1.0,
    "f1-score": 0.9954448830853325,
    "support": 3278.0
  },
  "Location3": {
    "precision": 0.99875,
    "recall": 0.9749847467968273,
    "f1-score": 0.9867242976227231,
    "support": 3278.0
  },
  "accuracy": 0.9934411226357535,
  "macro avg": {
    "precision": 0.99351401904474,
    "recall": 0.9934411226357536,
    "f1-score": 0.9934224091577848,
    "support": 13112.0
  },
  "weighted avg": {
    "precision": 0.9935140190447401,
    "recall": 0.9934411226357535,
    "f1-score": 0.9934224091577849,
    "support": 13112.0
  }
}