{
  "Normal": {
    "precision": 0.9959568733153639,
    "recall": 0.8990267639902676,
    "f1-score": 0.9450127877237852,
    "support": 3288.0
  },
  "Location1": {
    "precision": 0.9975728155339806,
    "recall": 1.0,
    "f1-score": 0.9987849331713244,
    "support": 3288.0
  },
  "Location2": {
    "precision": 0.9933534743202417,
    "recall": 1.0,
    "f1-score": 0.9966656562594726,
    "support": 3288.0
  },
  "Location3": {
    "precision": 0.9086081609837898,
    "recall": 0.9887469586374696,
    "f1-score": 0.9469851441887562,
    "support": 3288.0
  },
  "accuracy": 0.9719434306569343,
  "macro avg": {
    "precision": 0.973872831038344,
    "recall": 0.9719434306569343,
    "f1-score": 0.9718621303358346,
    "support": 13152.0
  },
  "weighted avg": {
    "precision": 0.973872831038344,
    "recall": 0.9719434306569343,
    "f1-score": 0.9718621303358346,
    "support": 13152.0
  }
}