{
  "Normal": {
    "precision": 0.9989861439675566,
    "recall": 0.8990267639902676,
    "f1-score": 0.9463742596446294,
    "support": 3288.0
  },
  "Location1": {
    "precision": 0.9987838248707814,
    "recall": 0.9990875912408759,
    "f1-score": 0.998935684962749,
    "support": 3288.0
  },
  "Location2": {
    "precision": 0.9996959562176954,
    "recall": 1.0,
    "f1-score": 0.9998479549946784,
    "support": 3288.0
  },
  "Location3": {
    "precision": 0.9095435684647303,
    "recall": 1.0,
    "f1-score": 0.9526292916123424,
    "support": 3288.0
  },
  "accuracy": 0.9745285888077859,
  "macro avg": {
    "precision": 0.9767523733801908,
    "recall": 0.9745285888077859,
    "f1-score": 0.9744467978035998,
    "support": 13152.0
  },
  "weighted avg": {
    "precision": 0.9767523733801908,
    "recall": 0.9745285888077859,
    "f1-score": 0.9744467978035999,
    "support": 13152.0
  }
}