{
  "Normal": {
    "precision": 0.9598065880930795,
    "recall": 0.9659367396593674,
    "f1-score": 0.9628619069273913,
    "support": 3288.0
  },
  "Location1": {
    "precision": 0.9651710072168184,
    "recall": 0.9355231143552312,
    "f1-score": 0.9501158301158301,
    "support": 3288.0
  },
  "Location2": {
    "precision": 1.0,
    "recall": 0.962287104622871,
    "f1-score": 0.9807811531308122,
    "support": 3288.0
  },
  "Location3": {
    "precision": 0.9066437571592211,
    "recall": 0.9628953771289538,
    "f1-score": 0.9339233038348083,
    "support": 3288.0
  },
  "accuracy": 0.9566605839416058,
  "macro avg": {
    "precision": 0.9579053381172797,
    "recall": 0.9566605839416059,
    "f1-score": 0.9569205485022103,
    "support": 13152.0
  },
  "weighted avg": {
    "precision": 0.9579053381172797,
    "recall": 0.9566605839416058,
    "f1-score": 0.9569205485022103,
    "support": 13152.0
  }
}