{
  "Normal": {
    "precision": 0.6146100691016781,
    "recall": 0.9467761557177615,
    "f1-score": 0.7453609481623369,
    "support": 3288.0
  },
  "Location1": {
    "precision": 0.937070938215103,
    "recall": 0.4981751824817518,
    "f1-score": 0.6505162827640985,
    "support": 3288.0
  },
  "Location2": {
    "precision": 1.0,
    "recall": 0.3217761557177616,
    "f1-score": 0.4868844914864243,
    "support": 3288.0
  },
  "Location3": {
    "precision": 0.4639272864987692,
    "recall": 0.7451338199513382,
    "f1-score": 0.5718286847940249,
    "support": 3288.0
  },
  "accuracy": 0.6279653284671532,
  "macro avg": {
    "precision": 0.7539020734538876,
    "recall": 0.6279653284671534,
    "f1-score": 0.6136476018017212,
    "support": 13152.0
  },
  "weighted avg": {
    "precision": 0.7539020734538875,
    "recall": 0.6279653284671532,
    "f1-score": 0.6136476018017212,
    "support": 13152.0
  }
}