{
  "Normal": {
    "precision": 0.9960462287104623,
    "recall": 0.99908480780964,
    "f1-score": 0.9975632043862321,
    "support": 3278.0
  },
  "Location1": {
    "precision": 1.0,
    "recall": 0.986882245271507,
    "f1-score": 0.9933978197451251,
    "support": 3278.0
  },
  "Location2": {
    "precision": 0.9990853658536586,
    "recall": 0.9996949359365467,
    "f1-score": 0.9993900579444953,
    "support": 3278.0
  },
  "Location3": {
    "precision": 0.9857963130855243,
    "recall": 0.9951189749847468,
    "f1-score": 0.9904357066950054,
    "support": 3278.0
  },
  "accuracy": 0.9951952410006101,
  "macro avg": {
    "precision": 0.9952319769124113,
    "recall": 0.9951952410006102,
    "f1-score": 0.9951966971927145,
    "support": 13112.0
  },
  "weighted avg": {
    "precision": 0.9952319769124113,
    "recall": 0.9951952410006101,
    "f1-score": 0.9951966971927145,
    "support": 13112.0
  }
}