{
  "Normal": {
    "precision": 0.9927272727272727,
    "recall": 0.9993898718730934,
    "f1-score": 0.9960474308300395,
    "support": 3278.0
  },
  "Location1": {
    "precision": 0.9996950289722476,
    "recall": 1.0,
    "f1-score": 0.9998474912307458,
    "support": 3278.0
  },
  "Location2": {
    "precision": 0.9882423876997287,
    "recall": 1.0,
    "f1-score": 0.9940864291129644,
    "support": 3278.0
  },
  "Location3": {
    "precision": 0.9996890547263682,
    "recall": 0.9807809640024405,
    "f1-score": 0.9901447489990761,
    "support": 3278.0
  },
  "accuracy": 0.9950427089688835,
  "macro avg": {
    "precision": 0.9950884360314043,
    "recall": 0.9950427089688836,
    "f1-score": 0.9950315250432065,
    "support": 13112.0
  },
  "weighted avg": {
    "precision": 0.9950884360314043,
    "recall": 0.9950427089688835,
    "f1-score": 0.9950315250432064,
    "support": 13112.0
  }
}