{
  "Normal": {
    "precision": 0.9296653431650596,
    "recall": 1.0,
    "f1-score": 0.9635508524397414,
    "support": 3278.0
  },
  "Location1": {
    "precision": 0.9782154580722172,
    "recall": 1.0,
    "f1-score": 0.9889877809624378,
    "support": 3278.0
  },
  "Location2": {
    "precision": 1.0,
    "recall": 1.0,
    "f1-score": 1.0,
    "support": 3278.0
  },
  "Location3": {
    "precision": 1.0,
    "recall": 0.9020744356314826,
    "f1-score": 0.9485164394546912,
    "support": 3278.0
  },
  "accuracy": 0.9755186089078707,
  "macro avg": {
    "precision": 0.9769702003093192,
    "recall": 0.9755186089078707,
    "f1-score": 0.9752637682142176,
    "support": 13112.0
  },
  "weighted avg": {
    "precision": 0.9769702003093192,
    "recall": 0.9755186089078707,
    "f1-score": 0.9752637682142176,
    "support": 13112.0
  }
}