{
  "Normal": {
    "precision": 0.999390243902439,
    "recall": 1.0,
    "f1-score": 0.9996950289722476,
    "support": 3278.0
  },
  "Location1": {
    "precision": 0.9996947496947497,
    "recall": 0.99908480780964,
    "f1-score": 0.9993896856881294,
    "support": 3278.0
  },
  "Location2": {
    "precision": 0.9876468815908406,
    "recall": 1.0,
    "f1-score": 0.993785053812339,
    "support": 3278.0
  },
  "Location3": {
    "precision": 1.0,
    "recall": 0.9874923733984137,
    "f1-score": 0.9937068303914045,
    "support": 3278.0
  },
  "accuracy": 0.9966442953020134,
  "macro avg": {
    "precision": 0.9966829687970074,
    "recall": 0.9966442953020134,
    "f1-score": 0.9966441497160301,
    "support": 13112.0
  },
  "weighted avg": {
    "precision": 0.9966829687970072,
    "recall": 0.9966442953020134,
    "f1-score": 0.9966441497160301,
    "support": 13112.0
  }
}