{
  "Normal": {
    "precision": 0.9989579715178881,
    "recall": 0.8746958637469586,
    "f1-score": 0.9327063401978272,
    "support": 3288.0
  },
  "Location1": {
    "precision": 0.9987838248707814,
    "recall": 0.9990875912408759,
    "f1-score": 0.998935684962749,
    "support": 3288.0
  },
  "Location2": {
    "precision": 0.9984816276951108,
    "recall": 1.0,
    "f1-score": 0.9992402370460416,
    "support": 3288.0
  },
  "Location3": {
    "precision": 0.8897317800054186,
    "recall": 0.9987834549878345,
    "f1-score": 0.9411090414099441,
    "support": 3288.0
  },
  "accuracy": 0.9681417274939172,
  "macro avg": {
    "precision": 0.9714888010222998,
    "recall": 0.9681417274939172,
    "f1-score": 0.9679978259041404,
    "support": 13152.0
  },
  "weighted avg": {
    "precision": 0.9714888010222996,
    "recall": 0.9681417274939172,
    "f1-score": 0.9679978259041405,
    "support": 13152.0
  }
}