{
  "Normal": {
    "precision": 1.0,
    "recall": 0.9996949359365467,
    "f1-score": 0.9998474446987032,
    "support": 3278.0
  },
  "Location1": {
    "precision": 1.0,
    "recall": 1.0,
    "f1-score": 1.0,
    "support": 3278.0
  },
  "Location2": {
    "precision": 1.0,
    "recall": 1.0,
    "f1-score": 1.0,
    "support": 3278.0
  },
  "Location3": {
    "precision": 0.9996950289722476,
    "recall": 1.0,
    "f1-score": 0.9998474912307458,
    "support": 3278.0
  },
  "accuracy": 0.9999237339841367,
  "macro avg": {
    "precision": 0.9999237572430619,
    "recall": 0.9999237339841367,
    "f1-score": 0.9999237339823622,
    "support": 13112.0
  },
  "weighted avg": {
    "precision": 0.9999237572430619,
    "recall": 0.9999237339841367,
    "f1-score": 0.9999237339823622,
    "support": 13112.0
  }
}