{
  "Normal": {
    "precision": 0.7063132945485887,
    "recall": 1.0,
    "f1-score": 0.8278823083722692,
    "support": 3278.0
  },
  "Location1": {
    "precision": 0.9884230287859824,
    "recall": 0.9636973764490543,
    "f1-score": 0.9759036144578314,
    "support": 3278.0
  },
  "Location2": {
    "precision": 1.0,
    "recall": 0.9676632092739476,
    "f1-score": 0.9835658914728682,
    "support": 3278.0
  },
  "Location3": {
    "precision": 0.8934854969091773,
    "recall": 0.5732153752287981,
    "f1-score": 0.6983832001486713,
    "support": 3278.0
  },
  "accuracy": 0.87614399023795,
  "macro avg": {
    "precision": 0.8970554550609372,
    "recall": 0.87614399023795,
    "f1-score": 0.87143375361291,
    "support": 13112.0
  },
  "weighted avg": {
    "precision": 0.8970554550609371,
    "recall": 0.87614399023795,
    "f1-score": 0.87143375361291,
    "support": 13112.0
  }
}