{
  "Normal": {
    "precision": 1.0,
    "recall": 0.9993898718730934,
    "f1-score": 0.9996948428440647,
    "support": 3278.0
  },
  "Location1": {
    "precision": 0.5202541699761716,
    "recall": 0.99908480780964,
    "f1-score": 0.6842160242348271,
    "support": 3278.0
  },
  "Location2": {
    "precision": 0.999390243902439,
    "recall": 1.0,
    "f1-score": 0.9996950289722476,
    "support": 3278.0
  },
  "Location3": {
    "precision": 0.9885057471264368,
    "recall": 0.0787065283709579,
    "f1-score": 0.14580389940661204,
    "support": 3278.0
  },
  "accuracy": 0.7692953020134228,
  "macro avg": {
    "precision": 0.8770375402512618,
    "recall": 0.7692953020134229,
    "f1-score": 0.7073524488644379,
    "support": 13112.0
  },
  "weighted avg": {
    "precision": 0.8770375402512618,
    "recall": 0.7692953020134228,
    "f1-score": 0.7073524488644379,
    "support": 13112.0
  }
}