{
  "Normal": {
    "precision": 0.9990372272143774,
    "recall": 0.9467761557177615,
    "f1-score": 0.9722048719550281,
    "support": 3288.0
  },
  "Location1": {
    "precision": 0.9966626213592233,
    "recall": 0.9990875912408759,
    "f1-score": 0.9978736330498177,
    "support": 3288.0
  },
  "Location2": {
    "precision": 1.0,
    "recall": 1.0,
    "f1-score": 1.0,
    "support": 3288.0
  },
  "Location3": {
    "precision": 0.9524913093858632,
    "recall": 1.0,
    "f1-score": 0.9756676557863502,
    "support": 3288.0
  },
  "accuracy": 0.9864659367396593,
  "macro avg": {
    "precision": 0.987047789489866,
    "recall": 0.9864659367396593,
    "f1-score": 0.986436540197799,
    "support": 13152.0
  },
  "weighted avg": {
    "precision": 0.9870477894898662,
    "recall": 0.9864659367396593,
    "f1-score": 0.986436540197799,
    "support": 13152.0
  }
}