{
  "Normal": {
    "precision": 1.0,
    "recall": 0.9993898718730934,
    "f1-score": 0.9996948428440647,
    "support": 3278.0
  },
  "Location1": {
    "precision": 0.9632677049662063,
    "recall": 1.0,
    "f1-score": 0.9812902260140698,
    "support": 3278.0
  },
  "Location2": {
    "precision": 1.0,
    "recall": 1.0,
    "f1-score": 1.0,
    "support": 3278.0
  },
  "Location3": {
    "precision": 0.9993660855784469,
    "recall": 0.9618669920683344,
    "f1-score": 0.980258044458262,
    "support": 3278.0
  },
  "accuracy": 0.990314215985357,
  "macro avg": {
    "precision": 0.9906584476361633,
    "recall": 0.990314215985357,
    "f1-score": 0.9903107783290992,
    "support": 13112.0
  },
  "weighted avg": {
    "precision": 0.9906584476361634,
    "recall": 0.990314215985357,
    "f1-score": 0.9903107783290991,
    "support": 13112.0
  }
}