{
  "Normal": {
    "precision": 1.0,
    "recall": 0.9981696156192801,
    "f1-score": 0.9990839694656488,
    "support": 3278.0
  },
  "Location1": {
    "precision": 1.0,
    "recall": 0.9993898718730934,
    "f1-score": 0.9996948428440647,
    "support": 3278.0
  },
  "Location2": {
    "precision": 0.999390243902439,
    "recall": 1.0,
    "f1-score": 0.9996950289722476,
    "support": 3278.0
  },
  "Location3": {
    "precision": 0.9981729598051157,
    "recall": 1.0,
    "f1-score": 0.9990856446205425,
    "support": 3278.0
  },
  "accuracy": 0.9993898718730934,
  "macro avg": {
    "precision": 0.9993908009268887,
    "recall": 0.9993898718730934,
    "f1-score": 0.999389871475626,
    "support": 13112.0
  },
  "weighted avg": {
    "precision": 0.9993908009268886,
    "recall": 0.9993898718730934,
    "f1-score": 0.9993898714756259,
    "support": 13112.0
  }
}