{
  "Normal": {
    "precision": 0.9993898718730934,
    "recall": 0.9993898718730934,
    "f1-score": 0.9993898718730934,
    "support": 3278.0
  },
  "Location1": {
    "precision": 1.0,
    "recall": 0.99908480780964,
    "f1-score": 0.9995421944147719,
    "support": 3278.0
  },
  "Location2": {
    "precision": 0.9903323262839879,
    "recall": 1.0,
    "f1-score": 0.9951426836672739,
    "support": 3278.0
  },
  "Location3": {
    "precision": 0.9993844259772238,
    "recall": 0.9905430140329469,
    "f1-score": 0.994944078443389,
    "support": 3278.0
  },
  "accuracy": 0.9972544234289201,
  "macro avg": {
    "precision": 0.9972766560335763,
    "recall": 0.9972544234289201,
    "f1-score": 0.997254707099632,
    "support": 13112.0
  },
  "weighted avg": {
    "precision": 0.9972766560335763,
    "recall": 0.9972544234289201,
    "f1-score": 0.9972547070996319,
    "support": 13112.0
  }
}