{
  "Normal": {
    "precision": 1.0,
    "recall": 0.8990267639902676,
    "f1-score": 0.9468289557975657,
    "support": 3288.0
  },
  "Location1": {
    "precision": 0.9984816276951108,
    "recall": 1.0,
    "f1-score": 0.9992402370460416,
    "support": 3288.0
  },
  "Location2": {
    "precision": 0.9978755690440061,
    "recall": 1.0,
    "f1-score": 0.9989366550205073,
    "support": 3288.0
  },
  "Location3": {
    "precision": 0.9093680709534369,
    "recall": 0.9978710462287105,
    "f1-score": 0.9515661252900232,
    "support": 3288.0
  },
  "accuracy": 0.9742244525547445,
  "macro avg": {
    "precision": 0.9764313169231384,
    "recall": 0.9742244525547445,
    "f1-score": 0.9741429932885344,
    "support": 13152.0
  },
  "weighted avg": {
    "precision": 0.9764313169231383,
    "recall": 0.9742244525547445,
    "f1-score": 0.9741429932885345,
    "support": 13152.0
  }
}