{
  "Normal": {
    "precision": 0.9993917274939172,
    "recall": 0.9993917274939172,
    "f1-score": 0.9993917274939172,
    "support": 3288.0
  },
  "Location1": {
    "precision": 1.0,
    "recall": 0.9990875912408759,
    "f1-score": 0.9995435874030123,
    "support": 3288.0
  },
  "Location2": {
    "precision": 0.9996959562176954,
    "recall": 1.0,
    "f1-score": 0.9998479549946784,
    "support": 3288.0
  },
  "Location3": {
    "precision": 0.9993920972644377,
    "recall": 1.0,
    "f1-score": 0.9996959562176954,
    "support": 3288.0
  },
  "accuracy": 0.9996198296836983,
  "macro avg": {
    "precision": 0.9996199452440125,
    "recall": 0.9996198296836982,
    "f1-score": 0.9996198065273258,
    "support": 13152.0
  },
  "weighted avg": {
    "precision": 0.9996199452440125,
    "recall": 0.9996198296836983,
    "f1-score": 0.9996198065273258,
    "support": 13152.0
  }
}