{
  "Normal": {
    "precision": 0.9975646879756469,
    "recall": 0.9996949359365467,
    "f1-score": 0.9986286759104068,
    "support": 3278.0
  },
  "Location1": {
    "precision": 1.0,
    "recall": 1.0,
    "f1-score": 1.0,
    "support": 3278.0
  },
  "Location2": {
    "precision": 0.997869101978691,
    "recall": 1.0,
    "f1-score": 0.998933414596983,
    "support": 3278.0
  },
  "Location3": {
    "precision": 0.9996936274509803,
    "recall": 0.9954240390482001,
    "f1-score": 0.9975542647508407,
    "support": 3278.0
  },
  "accuracy": 0.9987797437461867,
  "macro avg": {
    "precision": 0.9987818543513295,
    "recall": 0.9987797437461867,
    "f1-score": 0.9987790888145577,
    "support": 13112.0
  },
  "weighted avg": {
    "precision": 0.9987818543513295,
    "recall": 0.9987797437461867,
    "f1-score": 0.9987790888145576,
    "support": 13112.0
  }
}