{
  "Normal": {
    "precision": 1.0,
    "recall": 0.9978645515558268,
    "f1-score": 0.9989311345243549,
    "support": 3278.0
  },
  "Location1": {
    "precision": 1.0,
    "recall": 1.0,
    "f1-score": 1.0,
    "support": 3278.0
  },
  "Location2": {
    "precision": 1.0,
    "recall": 1.0,
    "f1-score": 1.0,
    "support": 3278.0
  },
  "Location3": {
    "precision": 0.997869101978691,
    "recall": 1.0,
    "f1-score": 0.998933414596983,
    "support": 3278.0
  },
  "accuracy": 0.9994661378889567,
  "macro avg": {
    "precision": 0.9994672754946727,
    "recall": 0.9994661378889567,
    "f1-score": 0.9994661372803345,
    "support": 13112.0
  },
  "weighted avg": {
    "precision": 0.9994672754946727,
    "recall": 0.9994661378889567,
    "f1-score": 0.9994661372803345,
    "support": 13112.0
  }
}