{
  "Normal": {
    "precision": 0.9785074626865672,
    "recall": 1.0,
    "f1-score": 0.9891369945684972,
    "support": 3278.0
  },
  "Location1": {
    "precision": 1.0,
    "recall": 1.0,
    "f1-score": 1.0,
    "support": 3278.0
  },
  "Location2": {
    "precision": 1.0,
    "recall": 1.0,
    "f1-score": 1.0,
    "support": 3278.0
  },
  "Location3": {
    "precision": 1.0,
    "recall": 0.9780353874313605,
    "f1-score": 0.9888957433682912,
    "support": 3278.0
  },
  "accuracy": 0.9945088468578401,
  "macro avg": {
    "precision": 0.9946268656716418,
    "recall": 0.9945088468578401,
    "f1-score": 0.9945081844841971,
    "support": 13112.0
  },
  "weighted avg": {
    "precision": 0.9946268656716418,
    "recall": 0.9945088468578401,
    "f1-score": 0.9945081844841973,
    "support": 13112.0
  }
}