{
  "Normal": {
    "precision": 0.997571973638571,
    "recall": 0.8746958637469586,
    "f1-score": 0.9321017663263652,
    "support": 3288.0
  },
  "Location1": {
    "precision": 0.9978755690440061,
    "recall": 1.0,
    "f1-score": 0.9989366550205073,
    "support": 3288.0
  },
  "Location2": {
    "precision": 0.9739336492890995,
    "recall": 1.0,
    "f1-score": 0.9867947178871549,
    "support": 3288.0
  },
  "Location3": {
    "precision": 0.886881600889383,
    "recall": 0.9704987834549879,
    "f1-score": 0.9268080162648853,
    "support": 3288.0
  },
  "accuracy": 0.9612986618004866,
  "macro avg": {
    "precision": 0.9640656982152649,
    "recall": 0.9612986618004866,
    "f1-score": 0.9611602888747282,
    "support": 13152.0
  },
  "weighted avg": {
    "precision": 0.9640656982152649,
    "recall": 0.9612986618004866,
    "f1-score": 0.9611602888747282,
    "support": 13152.0
  }
}