{
  "Normal": {
    "precision": 1.0,
    "recall": 1.0,
    "f1-score": 1.0,
    "support": 3278.0
  },
  "Location1": {
    "precision": 0.521164863144494,
    "recall": 0.99908480780964,
    "f1-score": 0.68500313741895,
    "support": 3278.0
  },
  "Location2": {
    "precision": 0.999390243902439,
    "recall": 1.0,
    "f1-score": 0.9996950289722476,
    "support": 3278.0
  },
  "Location3": {
    "precision": 0.9962962962962963,
    "recall": 0.08206223306894447,
    "f1-score": 0.1516347237880496,
    "support": 3278.0
  },
  "accuracy": 0.7702867602196461,
  "macro avg": {
    "precision": 0.8792128508358074,
    "recall": 0.7702867602196461,
    "f1-score": 0.7090832225448118,
    "support": 13112.0
  },
  "weighted avg": {
    "precision": 0.8792128508358074,
    "recall": 0.7702867602196461,
    "f1-score": 0.7090832225448118,
    "support": 13112.0
  }
}