{
  "Normal": {
    "precision": 0.999390243902439,
    "recall": 1.0,
    "f1-score": 0.9996950289722476,
    "support": 3278.0
  },
  "Location1": {
    "precision": 0.9635186819652839,
    "recall": 0.99908480780964,
    "f1-score": 0.980979481803205,
    "support": 3278.0
  },
  "Location2": {
    "precision": 0.9996950289722476,
    "recall": 1.0,
    "f1-score": 0.9998474912307458,
    "support": 3278.0
  },
  "Location3": {
    "precision": 1.0,
    "recall": 0.9621720561317877,
    "f1-score": 0.9807213930348259,
    "support": 3278.0
  },
  "accuracy": 0.990314215985357,
  "macro avg": {
    "precision": 0.9906509887099927,
    "recall": 0.9903142159853568,
    "f1-score": 0.9903108487602561,
    "support": 13112.0
  },
  "weighted avg": {
    "precision": 0.9906509887099926,
    "recall": 0.990314215985357,
    "f1-score": 0.9903108487602562,
    "support": 13112.0
  }
}