{
  "Normal": {
    "precision": 0.9996948428440647,
    "recall": 0.9993898718730934,
    "f1-score": 0.9995423340961098,
    "support": 3278.0
  },
  "Location1": {
    "precision": 0.997869101978691,
    "recall": 1.0,
    "f1-score": 0.998933414596983,
    "support": 3278.0
  },
  "Location2": {
    "precision": 0.9996950289722476,
    "recall": 1.0,
    "f1-score": 0.9998474912307458,
    "support": 3278.0
  },
  "Location3": {
    "precision": 0.9993885661877102,
    "recall": 0.9972544234289201,
    "f1-score": 0.9983203542525576,
    "support": 3278.0
  },
  "accuracy": 0.9991610738255033,
  "macro avg": {
    "precision": 0.9991618849956784,
    "recall": 0.9991610738255035,
    "f1-score": 0.9991608985440991,
    "support": 13112.0
  },
  "weighted avg": {
    "precision": 0.9991618849956785,
    "recall": 0.9991610738255033,
    "f1-score": 0.9991608985440991,
    "support": 13112.0
  }
}