{
  "Normal": {
    "precision": 1.0,
    "recall": 0.8746958637469586,
    "f1-score": 0.9331602855288773,
    "support": 3288.0
  },
  "Location1": {
    "precision": 0.9984816276951108,
    "recall": 1.0,
    "f1-score": 0.9992402370460416,
    "support": 3288.0
  },
  "Location2": {
    "precision": 0.9888721804511278,
    "recall": 1.0,
    "f1-score": 0.9944049599274157,
    "support": 3288.0
  },
  "Location3": {
    "precision": 0.8887370147621652,
    "recall": 0.9887469586374696,
    "f1-score": 0.9360783184566657,
    "support": 3288.0
  },
  "accuracy": 0.965860705596107,
  "macro avg": {
    "precision": 0.9690227057271009,
    "recall": 0.965860705596107,
    "f1-score": 0.96572095023975,
    "support": 13152.0
  },
  "weighted avg": {
    "precision": 0.9690227057271009,
    "recall": 0.965860705596107,
    "f1-score": 0.96572095023975,
    "support": 13152.0
  }
}