{
  "Normal": {
    "precision": 0.7554306158957321,
    "recall": 0.8990267639902676,
    "f1-score": 0.8209970837383697,
    "support": 3288.0
  },
  "Location1": {
    "precision": 0.9428327645051194,
    "recall": 0.3360705596107056,
    "f1-score": 0.49551569506726456,
    "support": 3288.0
  },
  "Location2": {
    "precision": 0.9725975975975976,
    "recall": 0.7880170316301703,
    "f1-score": 0.8706317204301075,
    "support": 3288.0
  },
  "Location3": {
    "precision": 0.5313714602998334,
    "recall": 0.8731751824817519,
    "f1-score": 0.660683465654125,
    "support": 3288.0
  },
  "accuracy": 0.7240723844282239,
  "macro avg": {
    "precision": 0.8005581095745706,
    "recall": 0.7240723844282239,
    "f1-score": 0.7119569912224666,
    "support": 13152.0
  },
  "weighted avg": {
    "precision": 0.8005581095745705,
    "recall": 0.7240723844282239,
    "f1-score": 0.7119569912224667,
    "support": 13152.0
  }
}