{
  "Normal": {
    "precision": 0.9984770027413951,
    "recall": 1.0,
    "f1-score": 0.9992379210486206,
    "support": 3278.0
  },
  "Location1": {
    "precision": 0.997869101978691,
    "recall": 1.0,
    "f1-score": 0.998933414596983,
    "support": 3278.0
  },
  "Location2": {
    "precision": 0.9996950289722476,
    "recall": 1.0,
    "f1-score": 0.9998474912307458,
    "support": 3278.0
  },
  "Location3": {
    "precision": 1.0,
    "recall": 0.9960341671751067,
    "f1-score": 0.9980131438178206,
    "support": 3278.0
  },
  "accuracy": 0.9990085417937767,
  "macro avg": {
    "precision": 0.9990102834230834,
    "recall": 0.9990085417937766,
    "f1-score": 0.9990079926735426,
    "support": 13112.0
  },
  "weighted avg": {
    "precision": 0.9990102834230834,
    "recall": 0.9990085417937767,
    "f1-score": 0.9990079926735426,
    "support": 13112.0
  }
}