{
  "Normal": {
    "precision": 0.9694799127997509,
    "recall": 0.9467761557177615,
    "f1-score": 0.9579935374673026,
    "support": 3288.0
  },
  "Location1": {
    "precision": 0.9930534581697372,
    "recall": 1.0,
    "f1-score": 0.9965146234277921,
    "support": 3288.0
  },
  "Location2": {
    "precision": 1.0,
    "recall": 1.0,
    "f1-score": 1.0,
    "support": 3288.0
  },
  "Location3": {
    "precision": 0.9509275882704967,
    "recall": 0.9665450121654501,
    "f1-score": 0.9586726998491705,
    "support": 3288.0
  },
  "accuracy": 0.9783302919708029,
  "macro avg": {
    "precision": 0.9783652398099962,
    "recall": 0.9783302919708029,
    "f1-score": 0.9782952151860663,
    "support": 13152.0
  },
  "weighted avg": {
    "precision": 0.9783652398099961,
    "recall": 0.9783302919708029,
    "f1-score": 0.9782952151860663,
    "support": 13152.0
  }
}