{
  "Normal": {
    "precision": 0.9749152542372881,
    "recall": 0.8746958637469586,
    "f1-score": 0.9220904135941007,
    "support": 3288.0
  },
  "Location1": {
    "precision": 0.9969678593086719,
    "recall": 1.0,
    "f1-score": 0.9984816276951108,
    "support": 3288.0
  },
  "Location2": {
    "precision": 0.9566482397439627,
    "recall": 1.0,
    "f1-score": 0.9778438661710037,
    "support": 3288.0
  },
  "Location3": {
    "precision": 0.8826074415921547,
    "recall": 0.9306569343065694,
    "f1-score": 0.9059955588452998,
    "support": 3288.0
  },
  "accuracy": 0.9513381995133819,
  "macro avg": {
    "precision": 0.9527846987205193,
    "recall": 0.9513381995133819,
    "f1-score": 0.9511028665763788,
    "support": 13152.0
  },
  "weighted avg": {
    "precision": 0.9527846987205194,
    "recall": 0.9513381995133819,
    "f1-score": 0.9511028665763787,
    "support": 13152.0
  }
}