{
  "Normal": {
    "precision": 0.9981679389312977,
    "recall": 0.9972544234289201,
    "f1-score": 0.9977109720738593,
    "support": 3278.0
  },
  "Location1": {
    "precision": 1.0,
    "recall": 1.0,
    "f1-score": 1.0,
    "support": 3278.0
  },
  "Location2": {
    "precision": 1.0,
    "recall": 1.0,
    "f1-score": 1.0,
    "support": 3278.0
  },
  "Location3": {
    "precision": 0.9972569338616275,
    "recall": 0.9981696156192801,
    "f1-score": 0.997713066016161,
    "support": 3278.0
  },
  "accuracy": 0.99885600976205,
  "macro avg": {
    "precision": 0.9988562181982312,
    "recall": 0.99885600976205,
    "f1-score": 0.9988560095225051,
    "support": 13112.0
  },
  "weighted avg": {
    "precision": 0.9988562181982312,
    "recall": 0.99885600976205,
    "f1-score": 0.998856009522505,
    "support": 13112.0
  }
}