{
  "Normal": {
    "precision": 0.8838727995457126,
    "recall": 0.9467761557177615,
    "f1-score": 0.9142437591776799,
    "support": 3288.0
  },
  "Location1": {
    "precision": 0.9827481840193705,
    "recall": 0.9875304136253041,
    "f1-score": 0.9851334951456311,
    "support": 3288.0
  },
  "Location2": {
    "precision": 1.0,
    "recall": 0.9939172749391727,
    "f1-score": 0.9969493593654668,
    "support": 3288.0
  },
  "Location3": {
    "precision": 0.9447351209941138,
    "recall": 0.8786496350364964,
    "f1-score": 0.9104947998739363,
    "support": 3288.0
  },
  "accuracy": 0.9517183698296837,
  "macro avg": {
    "precision": 0.9528390261397992,
    "recall": 0.9517183698296837,
    "f1-score": 0.9517053533906785,
    "support": 13152.0
  },
  "weighted avg": {
    "precision": 0.9528390261397992,
    "recall": 0.9517183698296837,
    "f1-score": 0.9517053533906785,
    "support": 13152.0
  }
}