{
  "Normal": {
    "precision": 0.9930324144198728,
    "recall": 1.0,
    "f1-score": 0.9965040279677763,
    "support": 3278.0
  },
  "Location1": {
    "precision": 1.0,
    "recall": 0.9884075655887736,
    "f1-score": 0.9941699907947223,
    "support": 3278.0
  },
  "Location2": {
    "precision": 0.9975654290931223,
    "recall": 1.0,
    "f1-score": 0.9987812309567337,
    "support": 3278.0
  },
  "Location3": {
    "precision": 0.9884322678843227,
    "recall": 0.9905430140329469,
    "f1-score": 0.989486515313119,
    "support": 3278.0
  },
  "accuracy": 0.9947376449054302,
  "macro avg": {
    "precision": 0.9947575278493295,
    "recall": 0.9947376449054302,
    "f1-score": 0.9947354412580879,
    "support": 13112.0
  },
  "weighted avg": {
    "precision": 0.9947575278493295,
    "recall": 0.9947376449054302,
    "f1-score": 0.9947354412580878,
    "support": 13112.0
  }
}