{
  "Normal": {
    "precision": 0.9990856446205425,
    "recall": 1.0,
    "f1-score": 0.9995426132032322,
    "support": 3278.0
  },
  "Location1": {
    "precision": 0.9996950289722476,
    "recall": 1.0,
    "f1-score": 0.9998474912307458,
    "support": 3278.0
  },
  "Location2": {
    "precision": 1.0,
    "recall": 1.0,
    "f1-score": 1.0,
    "support": 3278.0
  },
  "Location3": {
    "precision": 1.0,
    "recall": 0.9987797437461867,
    "f1-score": 0.9993894993894994,
    "support": 3278.0
  },
  "accuracy": 0.9996949359365467,
  "macro avg": {
    "precision": 0.9996951683981975,
    "recall": 0.9996949359365467,
    "f1-score": 0.9996949009558693,
    "support": 13112.0
  },
  "weighted avg": {
    "precision": 0.9996951683981975,
    "recall": 0.9996949359365467,
    "f1-score": 0.9996949009558694,
    "support": 13112.0
  }
}