{
  "Normal": {
    "precision": 1.0,
    "recall": 0.9996949359365467,
    "f1-score": 0.9998474446987032,
    "support": 3278.0
  },
  "Location1": {
    "precision": 0.5196762932402412,
    "recall": 0.99908480780964,
    "f1-score": 0.6837160751565762,
    "support": 3278.0
  },
  "Location2": {
    "precision": 0.999390243902439,
    "recall": 1.0,
    "f1-score": 0.9996950289722476,
    "support": 3278.0
  },
  "Location3": {
    "precision": 0.9920948616600791,
    "recall": 0.07657107992678462,
    "f1-score": 0.14216935712262815,
    "support": 3278.0
  },
  "accuracy": 0.7688377059182429,
  "macro avg": {
    "precision": 0.8777903497006898,
    "recall": 0.7688377059182429,
    "f1-score": 0.7063569764875388,
    "support": 13112.0
  },
  "weighted avg": {
    "precision": 0.8777903497006899,
    "recall": 0.7688377059182429,
    "f1-score": 0.7063569764875387,
    "support": 13112.0
  }
}