{
  "Normal": {
    "precision": 0.9996949359365467,
    "recall": 0.9996949359365467,
    "f1-score": 0.9996949359365467,
    "support": 3278.0
  },
  "Location1": {
    "precision": 0.997869101978691,
    "recall": 1.0,
    "f1-score": 0.998933414596983,
    "support": 3278.0
  },
  "Location2": {
    "precision": 0.9996950289722476,
    "recall": 1.0,
    "f1-score": 0.9998474912307458,
    "support": 3278.0
  },
  "Location3": {
    "precision": 0.9996941896024465,
    "recall": 0.9972544234289201,
    "f1-score": 0.9984728161270617,
    "support": 3278.0
  },
  "accuracy": 0.9992373398413666,
  "macro avg": {
    "precision": 0.999238314122483,
    "recall": 0.9992373398413668,
    "f1-score": 0.9992371644728344,
    "support": 13112.0
  },
  "weighted avg": {
    "precision": 0.999238314122483,
    "recall": 0.9992373398413666,
    "f1-score": 0.9992371644728343,
    "support": 13112.0
  }
}