{
  "Normal": {
    "precision": 0.8042505592841164,
    "recall": 0.8746958637469586,
    "f1-score": 0.837995337995338,
    "support": 3288.0
  },
  "Location1": {
    "precision": 0.9877184695323571,
    "recall": 0.6359489051094891,
    "f1-score": 0.7737280296022202,
    "support": 3288.0
  },
  "Location2": {
    "precision": 0.9287319422150883,
    "recall": 0.8798661800486618,
    "f1-score": 0.9036389192565984,
    "support": 3288.0
  },
  "Location3": {
    "precision": 0.6583793738489871,
    "recall": 0.8698296836982968,
    "f1-score": 0.749475890985325,
    "support": 3288.0
  },
  "accuracy": 0.8150851581508516,
  "macro avg": {
    "precision": 0.8447700862201373,
    "recall": 0.8150851581508516,
    "f1-score": 0.8162095444598704,
    "support": 13152.0
  },
  "weighted avg": {
    "precision": 0.8447700862201373,
    "recall": 0.8150851581508516,
    "f1-score": 0.8162095444598704,
    "support": 13152.0
  }
}