{
  "Normal": {
    "precision": 1.0,
    "recall": 0.9993898718730934,
    "f1-score": 0.9996948428440647,
    "support": 3278.0
  },
  "Location1": {
    "precision": 0.5197587684494525,
    "recall": 0.99908480780964,
    "f1-score": 0.6837874517172983,
    "support": 3278.0
  },
  "Location2": {
    "precision": 0.999390243902439,
    "recall": 1.0,
    "f1-score": 0.9996950289722476,
    "support": 3278.0
  },
  "Location3": {
    "precision": 0.9882352941176471,
    "recall": 0.07687614399023796,
    "f1-score": 0.14265496744975942,
    "support": 3278.0
  },
  "accuracy": 0.7688377059182429,
  "macro avg": {
    "precision": 0.8768460766173847,
    "recall": 0.7688377059182429,
    "f1-score": 0.7064580727458425,
    "support": 13112.0
  },
  "weighted avg": {
    "precision": 0.8768460766173847,
    "recall": 0.7688377059182429,
    "f1-score": 0.7064580727458425,
    "support": 13112.0
  }
}