{
  "Normal": {
    "precision": 0.9993706733794839,
    "recall": 0.9659367396593674,
    "f1-score": 0.9823693164243736,
    "support": 3288.0
  },
  "Location1": {
    "precision": 0.9876728803367408,
    "recall": 0.9990875912408759,
    "f1-score": 0.9933474448140308,
    "support": 3288.0
  },
  "Location2": {
    "precision": 0.9996959562176954,
    "recall": 1.0,
    "f1-score": 0.9998479549946784,
    "support": 3288.0
  },
  "Location3": {
    "precision": 0.9788627567728491,
    "recall": 1.0,
    "f1-score": 0.9893184895441552,
    "support": 3288.0
  },
  "accuracy": 0.9912560827250608,
  "macro avg": {
    "precision": 0.9914005666766923,
    "recall": 0.9912560827250608,
    "f1-score": 0.9912208014443096,
    "support": 13152.0
  },
  "weighted avg": {
    "precision": 0.9914005666766923,
    "recall": 0.9912560827250608,
    "f1-score": 0.9912208014443095,
    "support": 13152.0
  }
}