{
  "Normal": {
    "precision": 1.0,
    "recall": 0.9987797437461867,
    "f1-score": 0.9993894993894994,
    "support": 3278.0
  },
  "Location1": {
    "precision": 0.9996950289722476,
    "recall": 1.0,
    "f1-score": 0.9998474912307458,
    "support": 3278.0
  },
  "Location2": {
    "precision": 0.98854041013269,
    "recall": 1.0,
    "f1-score": 0.9942371853199878,
    "support": 3278.0
  },
  "Location3": {
    "precision": 0.9987665741597287,
    "recall": 0.9881025015253203,
    "f1-score": 0.9934059193375249,
    "support": 3278.0
  },
  "accuracy": 0.9967205613178768,
  "macro avg": {
    "precision": 0.9967505033161665,
    "recall": 0.9967205613178768,
    "f1-score": 0.9967200238194395,
    "support": 13112.0
  },
  "weighted avg": {
    "precision": 0.9967505033161665,
    "recall": 0.9967205613178768,
    "f1-score": 0.9967200238194395,
    "support": 13112.0
  }
}