{
  "Normal": {
    "precision": 0.9625529143601432,
    "recall": 0.8990267639902676,
    "f1-score": 0.9297059286051266,
    "support": 3288.0
  },
  "Location1": {
    "precision": 0.9939540507859734,
    "recall": 1.0,
    "f1-score": 0.9969678593086719,
    "support": 3288.0
  },
  "Location2": {
    "precision": 0.9864945978391356,
    "recall": 0.9996958637469586,
    "f1-score": 0.9930513595166163,
    "support": 3288.0
  },
  "Location3": {
    "precision": 0.9049694856146469,
    "recall": 0.9470802919708029,
    "f1-score": 0.9255461435577351,
    "support": 3288.0
  },
  "accuracy": 0.9614507299270073,
  "macro avg": {
    "precision": 0.9619927621499749,
    "recall": 0.9614507299270072,
    "f1-score": 0.9613178227470375,
    "support": 13152.0
  },
  "weighted avg": {
    "precision": 0.9619927621499748,
    "recall": 0.9614507299270073,
    "f1-score": 0.9613178227470374,
    "support": 13152.0
  }
}