{
  "Normal": {
    "precision": 1.0,
    "recall": 0.9969493593654668,
    "f1-score": 0.9984723495264284,
    "support": 3278.0
  },
  "Location1": {
    "precision": 1.0,
    "recall": 1.0,
    "f1-score": 1.0,
    "support": 3278.0
  },
  "Location2": {
    "precision": 1.0,
    "recall": 1.0,
    "f1-score": 1.0,
    "support": 3278.0
  },
  "Location3": {
    "precision": 0.9969586374695864,
    "recall": 1.0,
    "f1-score": 0.9984770027413951,
    "support": 3278.0
  },
  "accuracy": 0.9992373398413666,
  "macro avg": {
    "precision": 0.9992396593673966,
    "recall": 0.9992373398413668,
    "f1-score": 0.9992373380669558,
    "support": 13112.0
  },
  "weighted avg": {
    "precision": 0.9992396593673966,
    "recall": 0.9992373398413666,
    "f1-score": 0.9992373380669558,
    "support": 13112.0
  }
}