{
  "Normal": {
    "precision": 0.999390243902439,
    "recall": 1.0,
    "f1-score": 0.9996950289722476,
    "support": 3278.0
  },
  "Location1": {
    "precision": 0.9996949359365467,
    "recall": 0.9996949359365467,
    "f1-score": 0.9996949359365467,
    "support": 3278.0
  },
  "Location2": {
    "precision": 1.0,
    "recall": 1.0,
    "f1-score": 1.0,
    "support": 3278.0
  },
  "Location3": {
    "precision": 0.9996947496947497,
    "recall": 0.99908480780964,
    "f1-score": 0.9993896856881294,
    "support": 3278.0
  },
  "accuracy": 0.9996949359365467,
  "macro avg": {
    "precision": 0.9996949823834338,
    "recall": 0.9996949359365467,
    "f1-score": 0.9996949126492309,
    "support": 13112.0
  },
  "weighted avg": {
    "precision": 0.9996949823834338,
    "recall": 0.9996949359365467,
    "f1-score": 0.999694912649231,
    "support": 13112.0
  }
}